Model,Accuracy,Precision,Recall,F1 Score
Logistic Regression,0.999969999699997,0.999969998799952,1.0,0.9999849991749546
Decision Tree Classifier,0.999879998799988,0.9999699960994929,0.999909993699559,0.9999399939993999
Random Forest Classifier,0.999969999699997,0.999969998799952,1.0,0.9999849991749546
